{
  "model_name": "fasttext",
  "dataset_name": "ag_news",
  "tokenizer": "ngram",
  "embedding_dim": 128,
  "aggregation_method": "mean",
  "attention_config": null,
  "categorical_cols": [],
  "train_size": 10000,
  "test_size": 7600,
  "test_accuracy": 0.8618,
  "test_f1_macro": 0.8617,
  "train_time_s": 421.3,
  "timestamp": "2026-05-04T13:01:05.977898",
  "classification_report": {
    "World": {
      "precision": 0.8596765779864372,
      "recall": 0.8673684210526316,
      "f1-score": 0.8635053707099817,
      "support": 1900.0
    },
    "Sports": {
      "precision": 0.924960917144346,
      "recall": 0.9342105263157895,
      "f1-score": 0.9295627127520293,
      "support": 1900.0
    },
    "Business": {
      "precision": 0.8182297154899895,
      "recall": 0.8173684210526316,
      "f1-score": 0.817798841495524,
      "support": 1900.0
    },
    "Sci/Tech": {
      "precision": 0.8435155412647374,
      "recall": 0.828421052631579,
      "f1-score": 0.8359001593202336,
      "support": 1900.0
    },
    "accuracy": 0.8618421052631579,
    "macro avg": {
      "precision": 0.8615956879713775,
      "recall": 0.861842105263158,
      "f1-score": 0.8616917710694422,
      "support": 7600.0
    },
    "weighted avg": {
      "precision": 0.8615956879713775,
      "recall": 0.8618421052631579,
      "f1-score": 0.8616917710694422,
      "support": 7600.0
    }
  }
}