{
  "model_name": "fasttext",
  "dataset_name": "amazon",
  "tokenizer": "ngram",
  "embedding_dim": 128,
  "aggregation_method": "mean",
  "attention_config": null,
  "categorical_cols": [
    "product_category"
  ],
  "train_size": 10000,
  "test_size": 2000,
  "test_accuracy": 0.5255,
  "test_f1_macro": 0.5181,
  "train_time_s": 490.5,
  "timestamp": "2026-05-04T12:49:34.719211",
  "classification_report": {
    "1star": {
      "precision": 0.634703196347032,
      "recall": 0.7202072538860104,
      "f1-score": 0.6747572815533981,
      "support": 386.0
    },
    "2stars": {
      "precision": 0.424812030075188,
      "recall": 0.29198966408268734,
      "f1-score": 0.3460949464012251,
      "support": 387.0
    },
    "3stars": {
      "precision": 0.4043478260869565,
      "recall": 0.46384039900249374,
      "f1-score": 0.43205574912891986,
      "support": 401.0
    },
    "4stars": {
      "precision": 0.4358353510895884,
      "recall": 0.44226044226044225,
      "f1-score": 0.43902439024390244,
      "support": 407.0
    },
    "5stars": {
      "precision": 0.6950354609929078,
      "recall": 0.7016706443914081,
      "f1-score": 0.6983372921615202,
      "support": 419.0
    },
    "accuracy": 0.5255,
    "macro avg": {
      "precision": 0.5189467729183346,
      "recall": 0.5239936807246084,
      "f1-score": 0.5180539318977931,
      "support": 2000.0
    },
    "weighted avg": {
      "precision": 0.5200730068697063,
      "recall": 0.5255,
      "f1-score": 0.5194678312912641,
      "support": 2000.0
    }
  }
}