{
  "model_name": "fasttext",
  "dataset_name": "imdb",
  "tokenizer": "ngram",
  "embedding_dim": 128,
  "aggregation_method": "mean",
  "attention_config": null,
  "categorical_cols": [],
  "train_size": 10000,
  "test_size": 2000,
  "test_accuracy": 0.845,
  "test_f1_macro": 0.845,
  "train_time_s": 1695.5,
  "timestamp": "2026-05-04T12:31:22.785199",
  "classification_report": {
    "negative": {
      "precision": 0.8402366863905325,
      "recall": 0.852,
      "f1-score": 0.846077457795432,
      "support": 1000.0
    },
    "positive": {
      "precision": 0.8498985801217038,
      "recall": 0.838,
      "f1-score": 0.8439073514602216,
      "support": 1000.0
    },
    "accuracy": 0.845,
    "macro avg": {
      "precision": 0.8450676332561182,
      "recall": 0.845,
      "f1-score": 0.8449924046278268,
      "support": 2000.0
    },
    "weighted avg": {
      "precision": 0.8450676332561181,
      "recall": 0.845,
      "f1-score": 0.8449924046278268,
      "support": 2000.0
    }
  }
}