{
  "model_name": "fasttext",
  "dataset_name": "sst2",
  "tokenizer": "ngram",
  "embedding_dim": 128,
  "aggregation_method": "mean",
  "attention_config": null,
  "categorical_cols": [],
  "train_size": 10000,
  "test_size": 872,
  "test_accuracy": 0.7741,
  "test_f1_macro": 0.7736,
  "train_time_s": 368.1,
  "timestamp": "2026-05-04T10:12:32.413535",
  "classification_report": {
    "negative": {
      "precision": 0.7851851851851852,
      "recall": 0.7429906542056075,
      "f1-score": 0.7635054021608644,
      "support": 428.0
    },
    "positive": {
      "precision": 0.7644539614561028,
      "recall": 0.8040540540540541,
      "f1-score": 0.7837541163556532,
      "support": 444.0
    },
    "accuracy": 0.7740825688073395,
    "macro avg": {
      "precision": 0.774819573320644,
      "recall": 0.7735223541298308,
      "f1-score": 0.7736297592582588,
      "support": 872.0
    },
    "weighted avg": {
      "precision": 0.7746293786075331,
      "recall": 0.7740825688073395,
      "f1-score": 0.7738155272783945,
      "support": 872.0
    }
  }
}