{
  "model_name": "fasttext",
  "dataset_name": "subj",
  "tokenizer": "ngram",
  "embedding_dim": 128,
  "aggregation_method": "mean",
  "attention_config": null,
  "categorical_cols": [],
  "train_size": 8000,
  "test_size": 2000,
  "test_accuracy": 0.8965,
  "test_f1_macro": 0.8964,
  "train_time_s": 737.1,
  "timestamp": "2026-05-04T14:30:26.892985",
  "classification_report": {
    "objective": {
      "precision": 0.9041095890410958,
      "recall": 0.8944820909970959,
      "f1-score": 0.8992700729927007,
      "support": 1033.0
    },
    "subjective": {
      "precision": 0.8885480572597138,
      "recall": 0.8986556359875905,
      "f1-score": 0.893573264781491,
      "support": 967.0
    },
    "accuracy": 0.8965,
    "macro avg": {
      "precision": 0.8963288231504047,
      "recall": 0.8965688634923432,
      "f1-score": 0.8964216688870958,
      "support": 2000.0
    },
    "weighted avg": {
      "precision": 0.8965855884247976,
      "recall": 0.8965,
      "f1-score": 0.8965156662225808,
      "support": 2000.0
    }
  }
}